shots,errors,discards,seconds,decoder,strong_id,json_metadata,custom_counts
100000000,3536575,0,0,sparse_blossom_correlated,sparse_blossom_correlated_d10_r10_p0.001000_dim0_cbs8_sbs50.000000_tbs100.000000,"{""b"":""magic"",""c"":""memory"",""d"":10,""gateset"":""cz"",""noise"":""si1000"",""p"":0.001,""patches"":8,""q"":0,""r"":5000,""yokes"":0}",
100000000,6931541,0,0,sparse_blossom_correlated,sparse_blossom_correlated_d10_r10_p0.001000_dim0_cbs8_sbs100.000000_tbs100.000000,"{""b"":""magic"",""c"":""memory"",""d"":10,""gateset"":""cz"",""noise"":""si1000"",""p"":0.001,""patches"":8,""q"":0,""r"":10000,""yokes"":0}",
100000000,71866181,0,0,sparse_blossom_correlated,sparse_blossom_correlated_d7_r10_p0.001000_dim0_cbs8_sbs100.000000_tbs100.000000,"{""b"":""magic"",""c"":""memory"",""d"":7,""gateset"":""cz"",""noise"":""si1000"",""p"":0.001,""patches"":8,""q"":0,""r"":7000,""yokes"":0}",
100000000,5194892,0,0,sparse_blossom_correlated,sparse_blossom_correlated_d11_r10_p0.001000_dim0_cbs8_sbs200.000000_tbs100.000000,"{""b"":""magic"",""c"":""memory"",""d"":11,""gateset"":""cz"",""noise"":""si1000"",""p"":0.001,""patches"":8,""q"":0,""r"":22000,""yokes"":0}",
100000000,48045780,0,0,sparse_blossom_correlated,sparse_blossom_correlated_d7_r10_p0.001000_dim0_cbs8_sbs50.000000_tbs100.000000,"{""b"":""magic"",""c"":""memory"",""d"":7,""gateset"":""cz"",""noise"":""si1000"",""p"":0.001,""patches"":8,""q"":0,""r"":3500,""yokes"":0}",
100000000,39579139,0,0,sparse_blossom_correlated,sparse_blossom_correlated_d8_r10_p0.001000_dim0_cbs8_sbs100.000000_tbs100.000000,"{""b"":""magic"",""c"":""memory"",""d"":8,""gateset"":""cz"",""noise"":""si1000"",""p"":0.001,""patches"":8,""q"":0,""r"":8000,""yokes"":0}",
100000000,1328780,0,0,sparse_blossom_correlated,sparse_blossom_correlated_d11_r10_p0.001000_dim0_cbs8_sbs50.000000_tbs100.000000,"{""b"":""magic"",""c"":""memory"",""d"":11,""gateset"":""cz"",""noise"":""si1000"",""p"":0.001,""patches"":8,""q"":0,""r"":5500,""yokes"":0}",
100000000,31834153,0,0,sparse_blossom_correlated,sparse_blossom_correlated_d9_r10_p0.001000_dim0_cbs8_sbs200.000000_tbs100.000000,"{""b"":""magic"",""c"":""memory"",""d"":9,""gateset"":""cz"",""noise"":""si1000"",""p"":0.001,""patches"":8,""q"":0,""r"":18000,""yokes"":0}",
100000000,62581395,0,0,sparse_blossom_correlated,sparse_blossom_correlated_d8_r10_p0.001000_dim0_cbs8_sbs200.000000_tbs100.000000,"{""b"":""magic"",""c"":""memory"",""d"":8,""gateset"":""cz"",""noise"":""si1000"",""p"":0.001,""patches"":8,""q"":0,""r"":16000,""yokes"":0}",
100000000,13332504,0,0,sparse_blossom_correlated,sparse_blossom_correlated_d10_r10_p0.001000_dim0_cbs8_sbs200.000000_tbs100.000000,"{""b"":""magic"",""c"":""memory"",""d"":10,""gateset"":""cz"",""noise"":""si1000"",""p"":0.001,""patches"":8,""q"":0,""r"":20000,""yokes"":0}",
100000000,9271429,0,0,sparse_blossom_correlated,sparse_blossom_correlated_d9_r10_p0.001000_dim0_cbs8_sbs50.000000_tbs100.000000,"{""b"":""magic"",""c"":""memory"",""d"":9,""gateset"":""cz"",""noise"":""si1000"",""p"":0.001,""patches"":8,""q"":0,""r"":4500,""yokes"":0}",
100000000,2637835,0,0,sparse_blossom_correlated,sparse_blossom_correlated_d11_r10_p0.001000_dim0_cbs8_sbs100.000000_tbs100.000000,"{""b"":""magic"",""c"":""memory"",""d"":11,""gateset"":""cz"",""noise"":""si1000"",""p"":0.001,""patches"":8,""q"":0,""r"":11000,""yokes"":0}",
100000000,90808650,0,0,sparse_blossom_correlated,sparse_blossom_correlated_d7_r10_p0.001000_dim0_cbs8_sbs200.000000_tbs100.000000,"{""b"":""magic"",""c"":""memory"",""d"":7,""gateset"":""cz"",""noise"":""si1000"",""p"":0.001,""patches"":8,""q"":0,""r"":14000,""yokes"":0}",
100000000,22518336,0,0,sparse_blossom_correlated,sparse_blossom_correlated_d8_r10_p0.001000_dim0_cbs8_sbs50.000000_tbs100.000000,"{""b"":""magic"",""c"":""memory"",""d"":8,""gateset"":""cz"",""noise"":""si1000"",""p"":0.001,""patches"":8,""q"":0,""r"":4000,""yokes"":0}",
100000000,17595716,0,0,sparse_blossom_correlated,sparse_blossom_correlated_d9_r10_p0.001000_dim0_cbs8_sbs100.000000_tbs100.000000,"{""b"":""magic"",""c"":""memory"",""d"":9,""gateset"":""cz"",""noise"":""si1000"",""p"":0.001,""patches"":8,""q"":0,""r"":9000,""yokes"":0}",
100000000,44246726,0,0,sparse_blossom_correlated,sparse_blossom_correlated_d7_r10_p0.001000_dim1_cbs8_sbs200.000000_tbs100.000000,"{""b"":""magic"",""c"":""memory"",""d"":7,""gateset"":""cz"",""noise"":""si1000"",""p"":0.001,""patches"":8,""q"":0,""r"":14000,""yokes"":2}",
100000000,58440,0,0,sparse_blossom_correlated,sparse_blossom_correlated_d11_r10_p0.001000_dim1_cbs8_sbs200.000000_tbs100.000000,"{""b"":""magic"",""c"":""memory"",""d"":11,""gateset"":""cz"",""noise"":""si1000"",""p"":0.001,""patches"":8,""q"":0,""r"":22000,""yokes"":2}",
100000000,5822192,0,0,sparse_blossom_correlated,sparse_blossom_correlated_d7_r10_p0.001000_dim1_cbs8_sbs50.000000_tbs100.000000,"{""b"":""magic"",""c"":""memory"",""d"":7,""gateset"":""cz"",""noise"":""si1000"",""p"":0.001,""patches"":8,""q"":0,""r"":3500,""yokes"":2}",
100000000,612387,0,0,sparse_blossom_correlated,sparse_blossom_correlated_d9_r10_p0.001000_dim1_cbs8_sbs100.000000_tbs100.000000,"{""b"":""magic"",""c"":""memory"",""d"":9,""gateset"":""cz"",""noise"":""si1000"",""p"":0.001,""patches"":8,""q"":0,""r"":9000,""yokes"":2}",
100000000,25722,0,0,sparse_blossom_correlated,sparse_blossom_correlated_d10_r10_p0.001000_dim1_cbs8_sbs50.000000_tbs100.000000,"{""b"":""magic"",""c"":""memory"",""d"":10,""gateset"":""cz"",""noise"":""si1000"",""p"":0.001,""patches"":8,""q"":0,""r"":5000,""yokes"":2}",
100000000,17624744,0,0,sparse_blossom_correlated,sparse_blossom_correlated_d7_r10_p0.001000_dim1_cbs8_sbs100.000000_tbs100.000000,"{""b"":""magic"",""c"":""memory"",""d"":7,""gateset"":""cz"",""noise"":""si1000"",""p"":0.001,""patches"":8,""q"":0,""r"":7000,""yokes"":2}",
100000000,1004929,0,0,sparse_blossom_correlated,sparse_blossom_correlated_d8_r10_p0.001000_dim1_cbs8_sbs50.000000_tbs100.000000,"{""b"":""magic"",""c"":""memory"",""d"":8,""gateset"":""cz"",""noise"":""si1000"",""p"":0.001,""patches"":8,""q"":0,""r"":4000,""yokes"":2}",
100000000,96473,0,0,sparse_blossom_correlated,sparse_blossom_correlated_d10_r10_p0.001000_dim1_cbs8_sbs100.000000_tbs100.000000,"{""b"":""magic"",""c"":""memory"",""d"":10,""gateset"":""cz"",""noise"":""si1000"",""p"":0.001,""patches"":8,""q"":0,""r"":10000,""yokes"":2}",
100000000,2143502,0,0,sparse_blossom_correlated,sparse_blossom_correlated_d9_r10_p0.001000_dim1_cbs8_sbs200.000000_tbs100.000000,"{""b"":""magic"",""c"":""memory"",""d"":9,""gateset"":""cz"",""noise"":""si1000"",""p"":0.001,""patches"":8,""q"":0,""r"":18000,""yokes"":2}",
100000000,3463905,0,0,sparse_blossom_correlated,sparse_blossom_correlated_d8_r10_p0.001000_dim1_cbs8_sbs100.000000_tbs100.000000,"{""b"":""magic"",""c"":""memory"",""d"":8,""gateset"":""cz"",""noise"":""si1000"",""p"":0.001,""patches"":8,""q"":0,""r"":8000,""yokes"":2}",
100000000,11079691,0,0,sparse_blossom_correlated,sparse_blossom_correlated_d8_r10_p0.001000_dim1_cbs8_sbs200.000000_tbs100.000000,"{""b"":""magic"",""c"":""memory"",""d"":8,""gateset"":""cz"",""noise"":""si1000"",""p"":0.001,""patches"":8,""q"":0,""r"":16000,""yokes"":2}",
100000000,168466,0,0,sparse_blossom_correlated,sparse_blossom_correlated_d9_r10_p0.001000_dim1_cbs8_sbs50.000000_tbs100.000000,"{""b"":""magic"",""c"":""memory"",""d"":9,""gateset"":""cz"",""noise"":""si1000"",""p"":0.001,""patches"":8,""q"":0,""r"":4500,""yokes"":2}",
100000000,4136,0,0,sparse_blossom_correlated,sparse_blossom_correlated_d11_r10_p0.001000_dim1_cbs8_sbs50.000000_tbs100.000000,"{""b"":""magic"",""c"":""memory"",""d"":11,""gateset"":""cz"",""noise"":""si1000"",""p"":0.001,""patches"":8,""q"":0,""r"":5500,""yokes"":2}",
100000000,15654,0,0,sparse_blossom_correlated,sparse_blossom_correlated_d11_r10_p0.001000_dim1_cbs8_sbs100.000000_tbs100.000000,"{""b"":""magic"",""c"":""memory"",""d"":11,""gateset"":""cz"",""noise"":""si1000"",""p"":0.001,""patches"":8,""q"":0,""r"":11000,""yokes"":2}",
100000000,353674,0,0,sparse_blossom_correlated,sparse_blossom_correlated_d10_r10_p0.001000_dim1_cbs8_sbs200.000000_tbs100.000000,"{""b"":""magic"",""c"":""memory"",""d"":10,""gateset"":""cz"",""noise"":""si1000"",""p"":0.001,""patches"":8,""q"":0,""r"":20000,""yokes"":2}",
100000000,53529171,0,0,sparse_blossom_correlated,sparse_blossom_correlated_d9_r10_p0.001000_dim0_cbs16_sbs200.000000_tbs100.000000,"{""b"":""magic"",""c"":""memory"",""d"":9,""gateset"":""cz"",""noise"":""si1000"",""p"":0.001,""patches"":16,""q"":0,""r"":18000,""yokes"":0}",
100000000,5202507,0,0,sparse_blossom_correlated,sparse_blossom_correlated_d11_r10_p0.001000_dim0_cbs16_sbs100.000000_tbs100.000000,"{""b"":""magic"",""c"":""memory"",""d"":11,""gateset"":""cz"",""noise"":""si1000"",""p"":0.001,""patches"":16,""q"":0,""r"":11000,""yokes"":0}",
100000000,17680726,0,0,sparse_blossom_correlated,sparse_blossom_correlated_d9_r10_p0.001000_dim0_cbs16_sbs50.000000_tbs100.000000,"{""b"":""magic"",""c"":""memory"",""d"":9,""gateset"":""cz"",""noise"":""si1000"",""p"":0.001,""patches"":16,""q"":0,""r"":4500,""yokes"":0}",
100000000,2637087,0,0,sparse_blossom_correlated,sparse_blossom_correlated_d11_r10_p0.001000_dim0_cbs16_sbs50.000000_tbs100.000000,"{""b"":""magic"",""c"":""memory"",""d"":11,""gateset"":""cz"",""noise"":""si1000"",""p"":0.001,""patches"":16,""q"":0,""r"":5500,""yokes"":0}",
100000000,32093053,0,0,sparse_blossom_correlated,sparse_blossom_correlated_d9_r10_p0.001000_dim0_cbs16_sbs100.000000_tbs100.000000,"{""b"":""magic"",""c"":""memory"",""d"":9,""gateset"":""cz"",""noise"":""si1000"",""p"":0.001,""patches"":16,""q"":0,""r"":9000,""yokes"":0}",
100000000,24883973,0,0,sparse_blossom_correlated,sparse_blossom_correlated_d10_r10_p0.001000_dim0_cbs16_sbs200.000000_tbs100.000000,"{""b"":""magic"",""c"":""memory"",""d"":10,""gateset"":""cz"",""noise"":""si1000"",""p"":0.001,""patches"":16,""q"":0,""r"":20000,""yokes"":0}",
100000000,99153544,0,0,sparse_blossom_correlated,sparse_blossom_correlated_d7_r10_p0.001000_dim0_cbs16_sbs200.000000_tbs100.000000,"{""b"":""magic"",""c"":""memory"",""d"":7,""gateset"":""cz"",""noise"":""si1000"",""p"":0.001,""patches"":16,""q"":0,""r"":14000,""yokes"":0}",
100000000,73001622,0,0,sparse_blossom_correlated,sparse_blossom_correlated_d7_r10_p0.001000_dim0_cbs16_sbs50.000000_tbs100.000000,"{""b"":""magic"",""c"":""memory"",""d"":7,""gateset"":""cz"",""noise"":""si1000"",""p"":0.001,""patches"":16,""q"":0,""r"":3500,""yokes"":0}",
100000000,10117368,0,0,sparse_blossom_correlated,sparse_blossom_correlated_d11_r10_p0.001000_dim0_cbs16_sbs200.000000_tbs100.000000,"{""b"":""magic"",""c"":""memory"",""d"":11,""gateset"":""cz"",""noise"":""si1000"",""p"":0.001,""patches"":16,""q"":0,""r"":22000,""yokes"":0}",
100000000,92088014,0,0,sparse_blossom_correlated,sparse_blossom_correlated_d7_r10_p0.001000_dim0_cbs16_sbs100.000000_tbs100.000000,"{""b"":""magic"",""c"":""memory"",""d"":7,""gateset"":""cz"",""noise"":""si1000"",""p"":0.001,""patches"":16,""q"":0,""r"":7000,""yokes"":0}",
100000000,86000996,0,0,sparse_blossom_correlated,sparse_blossom_correlated_d8_r10_p0.001000_dim0_cbs16_sbs200.000000_tbs100.000000,"{""b"":""magic"",""c"":""memory"",""d"":8,""gateset"":""cz"",""noise"":""si1000"",""p"":0.001,""patches"":16,""q"":0,""r"":16000,""yokes"":0}",
100000000,6943899,0,0,sparse_blossom_correlated,sparse_blossom_correlated_d10_r10_p0.001000_dim0_cbs16_sbs50.000000_tbs100.000000,"{""b"":""magic"",""c"":""memory"",""d"":10,""gateset"":""cz"",""noise"":""si1000"",""p"":0.001,""patches"":16,""q"":0,""r"":5000,""yokes"":0}",
100000000,13381464,0,0,sparse_blossom_correlated,sparse_blossom_correlated_d10_r10_p0.001000_dim0_cbs16_sbs100.000000_tbs100.000000,"{""b"":""magic"",""c"":""memory"",""d"":10,""gateset"":""cz"",""noise"":""si1000"",""p"":0.001,""patches"":16,""q"":0,""r"":10000,""yokes"":0}",
100000000,63481166,0,0,sparse_blossom_correlated,sparse_blossom_correlated_d8_r10_p0.001000_dim0_cbs16_sbs100.000000_tbs100.000000,"{""b"":""magic"",""c"":""memory"",""d"":8,""gateset"":""cz"",""noise"":""si1000"",""p"":0.001,""patches"":16,""q"":0,""r"":8000,""yokes"":0}",
100000000,39964177,0,0,sparse_blossom_correlated,sparse_blossom_correlated_d8_r10_p0.001000_dim0_cbs16_sbs50.000000_tbs100.000000,"{""b"":""magic"",""c"":""memory"",""d"":8,""gateset"":""cz"",""noise"":""si1000"",""p"":0.001,""patches"":16,""q"":0,""r"":4000,""yokes"":0}",
100000000,229558,0,0,sparse_blossom_correlated,sparse_blossom_correlated_d11_r10_p0.001000_dim1_cbs16_sbs200.000000_tbs100.000000,"{""b"":""magic"",""c"":""memory"",""d"":11,""gateset"":""cz"",""noise"":""si1000"",""p"":0.001,""patches"":16,""q"":0,""r"":22000,""yokes"":2}",
100000000,62602,0,0,sparse_blossom_correlated,sparse_blossom_correlated_d11_r10_p0.001000_dim1_cbs16_sbs100.000000_tbs100.000000,"{""b"":""magic"",""c"":""memory"",""d"":11,""gateset"":""cz"",""noise"":""si1000"",""p"":0.001,""patches"":16,""q"":0,""r"":11000,""yokes"":2}",
100000000,48080717,0,0,sparse_blossom_correlated,sparse_blossom_correlated_d7_r10_p0.001000_dim1_cbs16_sbs100.000000_tbs100.000000,"{""b"":""magic"",""c"":""memory"",""d"":7,""gateset"":""cz"",""noise"":""si1000"",""p"":0.001,""patches"":16,""q"":0,""r"":7000,""yokes"":2}",
100000000,12125772,0,0,sparse_blossom_correlated,sparse_blossom_correlated_d8_r10_p0.001000_dim1_cbs16_sbs100.000000_tbs100.000000,"{""b"":""magic"",""c"":""memory"",""d"":8,""gateset"":""cz"",""noise"":""si1000"",""p"":0.001,""patches"":16,""q"":0,""r"":8000,""yokes"":2}",
100000000,103853,0,0,sparse_blossom_correlated,sparse_blossom_correlated_d10_r10_p0.001000_dim1_cbs16_sbs50.000000_tbs100.000000,"{""b"":""magic"",""c"":""memory"",""d"":10,""gateset"":""cz"",""noise"":""si1000"",""p"":0.001,""patches"":16,""q"":0,""r"":5000,""yokes"":2}",
100000000,7749857,0,0,sparse_blossom_correlated,sparse_blossom_correlated_d9_r10_p0.001000_dim1_cbs16_sbs200.000000_tbs100.000000,"{""b"":""magic"",""c"":""memory"",""d"":9,""gateset"":""cz"",""noise"":""si1000"",""p"":0.001,""patches"":16,""q"":0,""r"":18000,""yokes"":2}",
100000000,665470,0,0,sparse_blossom_correlated,sparse_blossom_correlated_d9_r10_p0.001000_dim1_cbs16_sbs50.000000_tbs100.000000,"{""b"":""magic"",""c"":""memory"",""d"":9,""gateset"":""cz"",""noise"":""si1000"",""p"":0.001,""patches"":16,""q"":0,""r"":4500,""yokes"":2}",
100000000,1368024,0,0,sparse_blossom_correlated,sparse_blossom_correlated_d10_r10_p0.001000_dim1_cbs16_sbs200.000000_tbs100.000000,"{""b"":""magic"",""c"":""memory"",""d"":10,""gateset"":""cz"",""noise"":""si1000"",""p"":0.001,""patches"":16,""q"":0,""r"":20000,""yokes"":2}",
100000000,383763,0,0,sparse_blossom_correlated,sparse_blossom_correlated_d10_r10_p0.001000_dim1_cbs16_sbs100.000000_tbs100.000000,"{""b"":""magic"",""c"":""memory"",""d"":10,""gateset"":""cz"",""noise"":""si1000"",""p"":0.001,""patches"":16,""q"":0,""r"":10000,""yokes"":2}",
100000000,3777761,0,0,sparse_blossom_correlated,sparse_blossom_correlated_d8_r10_p0.001000_dim1_cbs16_sbs50.000000_tbs100.000000,"{""b"":""magic"",""c"":""memory"",""d"":8,""gateset"":""cz"",""noise"":""si1000"",""p"":0.001,""patches"":16,""q"":0,""r"":4000,""yokes"":2}",
100000000,84336445,0,0,sparse_blossom_correlated,sparse_blossom_correlated_d7_r10_p0.001000_dim1_cbs16_sbs200.000000_tbs100.000000,"{""b"":""magic"",""c"":""memory"",""d"":7,""gateset"":""cz"",""noise"":""si1000"",""p"":0.001,""patches"":16,""q"":0,""r"":14000,""yokes"":2}",
100000000,2337411,0,0,sparse_blossom_correlated,sparse_blossom_correlated_d9_r10_p0.001000_dim1_cbs16_sbs100.000000_tbs100.000000,"{""b"":""magic"",""c"":""memory"",""d"":9,""gateset"":""cz"",""noise"":""si1000"",""p"":0.001,""patches"":16,""q"":0,""r"":9000,""yokes"":2}",
100000000,19286097,0,0,sparse_blossom_correlated,sparse_blossom_correlated_d7_r10_p0.001000_dim1_cbs16_sbs50.000000_tbs100.000000,"{""b"":""magic"",""c"":""memory"",""d"":7,""gateset"":""cz"",""noise"":""si1000"",""p"":0.001,""patches"":16,""q"":0,""r"":3500,""yokes"":2}",
100000000,33665890,0,0,sparse_blossom_correlated,sparse_blossom_correlated_d8_r10_p0.001000_dim1_cbs16_sbs200.000000_tbs100.000000,"{""b"":""magic"",""c"":""memory"",""d"":8,""gateset"":""cz"",""noise"":""si1000"",""p"":0.001,""patches"":16,""q"":0,""r"":16000,""yokes"":2}",
100000000,16592,0,0,sparse_blossom_correlated,sparse_blossom_correlated_d11_r10_p0.001000_dim1_cbs16_sbs50.000000_tbs100.000000,"{""b"":""magic"",""c"":""memory"",""d"":11,""gateset"":""cz"",""noise"":""si1000"",""p"":0.001,""patches"":16,""q"":0,""r"":5500,""yokes"":2}",
100000000,43569238,0,0,sparse_blossom_correlated,sparse_blossom_correlated_d10_r10_p0.001000_dim0_cbs32_sbs200.000000_tbs100.000000,"{""b"":""magic"",""c"":""memory"",""d"":10,""gateset"":""cz"",""noise"":""si1000"",""p"":0.001,""patches"":32,""q"":0,""r"":20000,""yokes"":0}",
100000000,13401100,0,0,sparse_blossom_correlated,sparse_blossom_correlated_d10_r10_p0.001000_dim0_cbs32_sbs50.000000_tbs100.000000,"{""b"":""magic"",""c"":""memory"",""d"":10,""gateset"":""cz"",""noise"":""si1000"",""p"":0.001,""patches"":32,""q"":0,""r"":5000,""yokes"":0}",
100000000,24967213,0,0,sparse_blossom_correlated,sparse_blossom_correlated_d10_r10_p0.001000_dim0_cbs32_sbs100.000000_tbs100.000000,"{""b"":""magic"",""c"":""memory"",""d"":10,""gateset"":""cz"",""noise"":""si1000"",""p"":0.001,""patches"":32,""q"":0,""r"":10000,""yokes"":0}",
100000000,86666549,0,0,sparse_blossom_correlated,sparse_blossom_correlated_d8_r10_p0.001000_dim0_cbs32_sbs100.000000_tbs100.000000,"{""b"":""magic"",""c"":""memory"",""d"":8,""gateset"":""cz"",""noise"":""si1000"",""p"":0.001,""patches"":32,""q"":0,""r"":8000,""yokes"":0}",
100000000,78403133,0,0,sparse_blossom_correlated,sparse_blossom_correlated_d9_r10_p0.001000_dim0_cbs32_sbs200.000000_tbs100.000000,"{""b"":""magic"",""c"":""memory"",""d"":9,""gateset"":""cz"",""noise"":""si1000"",""p"":0.001,""patches"":32,""q"":0,""r"":18000,""yokes"":0}",
100000000,53886332,0,0,sparse_blossom_correlated,sparse_blossom_correlated_d9_r10_p0.001000_dim0_cbs32_sbs100.000000_tbs100.000000,"{""b"":""magic"",""c"":""memory"",""d"":9,""gateset"":""cz"",""noise"":""si1000"",""p"":0.001,""patches"":32,""q"":0,""r"":9000,""yokes"":0}",
100000000,5204148,0,0,sparse_blossom_correlated,sparse_blossom_correlated_d11_r10_p0.001000_dim0_cbs32_sbs50.000000_tbs100.000000,"{""b"":""magic"",""c"":""memory"",""d"":11,""gateset"":""cz"",""noise"":""si1000"",""p"":0.001,""patches"":32,""q"":0,""r"":5500,""yokes"":0}",
100000000,32230703,0,0,sparse_blossom_correlated,sparse_blossom_correlated_d9_r10_p0.001000_dim0_cbs32_sbs50.000000_tbs100.000000,"{""b"":""magic"",""c"":""memory"",""d"":9,""gateset"":""cz"",""noise"":""si1000"",""p"":0.001,""patches"":32,""q"":0,""r"":4500,""yokes"":0}",
100000000,99992934,0,0,sparse_blossom_correlated,sparse_blossom_correlated_d7_r10_p0.001000_dim0_cbs32_sbs200.000000_tbs100.000000,"{""b"":""magic"",""c"":""memory"",""d"":7,""gateset"":""cz"",""noise"":""si1000"",""p"":0.001,""patches"":32,""q"":0,""r"":14000,""yokes"":0}",
100000000,19209202,0,0,sparse_blossom_correlated,sparse_blossom_correlated_d11_r10_p0.001000_dim0_cbs32_sbs200.000000_tbs100.000000,"{""b"":""magic"",""c"":""memory"",""d"":11,""gateset"":""cz"",""noise"":""si1000"",""p"":0.001,""patches"":32,""q"":0,""r"":22000,""yokes"":0}",
100000000,98040544,0,0,sparse_blossom_correlated,sparse_blossom_correlated_d8_r10_p0.001000_dim0_cbs32_sbs200.000000_tbs100.000000,"{""b"":""magic"",""c"":""memory"",""d"":8,""gateset"":""cz"",""noise"":""si1000"",""p"":0.001,""patches"":32,""q"":0,""r"":16000,""yokes"":0}",
100000000,92715099,0,0,sparse_blossom_correlated,sparse_blossom_correlated_d7_r10_p0.001000_dim0_cbs32_sbs50.000000_tbs100.000000,"{""b"":""magic"",""c"":""memory"",""d"":7,""gateset"":""cz"",""noise"":""si1000"",""p"":0.001,""patches"":32,""q"":0,""r"":3500,""yokes"":0}",
100000000,63957322,0,0,sparse_blossom_correlated,sparse_blossom_correlated_d8_r10_p0.001000_dim0_cbs32_sbs50.000000_tbs100.000000,"{""b"":""magic"",""c"":""memory"",""d"":8,""gateset"":""cz"",""noise"":""si1000"",""p"":0.001,""patches"":32,""q"":0,""r"":4000,""yokes"":0}",
100000000,99375149,0,0,sparse_blossom_correlated,sparse_blossom_correlated_d7_r10_p0.001000_dim0_cbs32_sbs100.000000_tbs100.000000,"{""b"":""magic"",""c"":""memory"",""d"":7,""gateset"":""cz"",""noise"":""si1000"",""p"":0.001,""patches"":32,""q"":0,""r"":7000,""yokes"":0}",
100000000,10130881,0,0,sparse_blossom_correlated,sparse_blossom_correlated_d11_r10_p0.001000_dim0_cbs32_sbs100.000000_tbs100.000000,"{""b"":""magic"",""c"":""memory"",""d"":11,""gateset"":""cz"",""noise"":""si1000"",""p"":0.001,""patches"":32,""q"":0,""r"":11000,""yokes"":0}",
100000000,24126434,0,0,sparse_blossom_correlated,sparse_blossom_correlated_d9_r10_p0.001000_dim1_cbs32_sbs200.000000_tbs100.000000,"{""b"":""magic"",""c"":""memory"",""d"":9,""gateset"":""cz"",""noise"":""si1000"",""p"":0.001,""patches"":32,""q"":0,""r"":18000,""yokes"":2}",
100000000,65021,0,0,sparse_blossom_correlated,sparse_blossom_correlated_d11_r10_p0.001000_dim1_cbs32_sbs50.000000_tbs100.000000,"{""b"":""magic"",""c"":""memory"",""d"":11,""gateset"":""cz"",""noise"":""si1000"",""p"":0.001,""patches"":32,""q"":0,""r"":5500,""yokes"":2}",
100000000,4874334,0,0,sparse_blossom_correlated,sparse_blossom_correlated_d10_r10_p0.001000_dim1_cbs32_sbs200.000000_tbs100.000000,"{""b"":""magic"",""c"":""memory"",""d"":10,""gateset"":""cz"",""noise"":""si1000"",""p"":0.001,""patches"":32,""q"":0,""r"":20000,""yokes"":2}",
100000000,12702700,0,0,sparse_blossom_correlated,sparse_blossom_correlated_d8_r10_p0.001000_dim1_cbs32_sbs50.000000_tbs100.000000,"{""b"":""magic"",""c"":""memory"",""d"":8,""gateset"":""cz"",""noise"":""si1000"",""p"":0.001,""patches"":32,""q"":0,""r"":4000,""yokes"":2}",
100000000,239228,0,0,sparse_blossom_correlated,sparse_blossom_correlated_d11_r10_p0.001000_dim1_cbs32_sbs100.000000_tbs100.000000,"{""b"":""magic"",""c"":""memory"",""d"":11,""gateset"":""cz"",""noise"":""si1000"",""p"":0.001,""patches"":32,""q"":0,""r"":11000,""yokes"":2}",
100000000,399672,0,0,sparse_blossom_correlated,sparse_blossom_correlated_d10_r10_p0.001000_dim1_cbs32_sbs50.000000_tbs100.000000,"{""b"":""magic"",""c"":""memory"",""d"":10,""gateset"":""cz"",""noise"":""si1000"",""p"":0.001,""patches"":32,""q"":0,""r"":5000,""yokes"":2}",
100000000,2443313,0,0,sparse_blossom_correlated,sparse_blossom_correlated_d9_r10_p0.001000_dim1_cbs32_sbs50.000000_tbs100.000000,"{""b"":""magic"",""c"":""memory"",""d"":9,""gateset"":""cz"",""noise"":""si1000"",""p"":0.001,""patches"":32,""q"":0,""r"":4500,""yokes"":2}",
100000000,8120308,0,0,sparse_blossom_correlated,sparse_blossom_correlated_d9_r10_p0.001000_dim1_cbs32_sbs100.000000_tbs100.000000,"{""b"":""magic"",""c"":""memory"",""d"":9,""gateset"":""cz"",""noise"":""si1000"",""p"":0.001,""patches"":32,""q"":0,""r"":9000,""yokes"":2}",
100000000,852252,0,0,sparse_blossom_correlated,sparse_blossom_correlated_d11_r10_p0.001000_dim1_cbs32_sbs200.000000_tbs100.000000,"{""b"":""magic"",""c"":""memory"",""d"":11,""gateset"":""cz"",""noise"":""si1000"",""p"":0.001,""patches"":32,""q"":0,""r"":22000,""yokes"":2}",
100000000,72654885,0,0,sparse_blossom_correlated,sparse_blossom_correlated_d8_r10_p0.001000_dim1_cbs32_sbs200.000000_tbs100.000000,"{""b"":""magic"",""c"":""memory"",""d"":8,""gateset"":""cz"",""noise"":""si1000"",""p"":0.001,""patches"":32,""q"":0,""r"":16000,""yokes"":2}",
100000000,50100008,0,0,sparse_blossom_correlated,sparse_blossom_correlated_d7_r10_p0.001000_dim1_cbs32_sbs50.000000_tbs100.000000,"{""b"":""magic"",""c"":""memory"",""d"":7,""gateset"":""cz"",""noise"":""si1000"",""p"":0.001,""patches"":32,""q"":0,""r"":3500,""yokes"":2}",
100000000,99473068,0,0,sparse_blossom_correlated,sparse_blossom_correlated_d7_r10_p0.001000_dim1_cbs32_sbs200.000000_tbs100.000000,"{""b"":""magic"",""c"":""memory"",""d"":7,""gateset"":""cz"",""noise"":""si1000"",""p"":0.001,""patches"":32,""q"":0,""r"":14000,""yokes"":2}",
100000000,35205790,0,0,sparse_blossom_correlated,sparse_blossom_correlated_d8_r10_p0.001000_dim1_cbs32_sbs100.000000_tbs100.000000,"{""b"":""magic"",""c"":""memory"",""d"":8,""gateset"":""cz"",""noise"":""si1000"",""p"":0.001,""patches"":32,""q"":0,""r"":8000,""yokes"":2}",
100000000,1428152,0,0,sparse_blossom_correlated,sparse_blossom_correlated_d10_r10_p0.001000_dim1_cbs32_sbs100.000000_tbs100.000000,"{""b"":""magic"",""c"":""memory"",""d"":10,""gateset"":""cz"",""noise"":""si1000"",""p"":0.001,""patches"":32,""q"":0,""r"":10000,""yokes"":2}",
100000000,86360224,0,0,sparse_blossom_correlated,sparse_blossom_correlated_d7_r10_p0.001000_dim1_cbs32_sbs100.000000_tbs100.000000,"{""b"":""magic"",""c"":""memory"",""d"":7,""gateset"":""cz"",""noise"":""si1000"",""p"":0.001,""patches"":32,""q"":0,""r"":7000,""yokes"":2}",
100000000,53529171,0,0,sparse_blossom_correlated,sparse_blossom_correlated_d9_r10_p0.001000_dim0_cbs16_sbs200.000000_tbs100.000000,"{""b"":""magic"",""c"":""memory"",""d"":9,""gateset"":""cz"",""noise"":""si1000"",""p"":0.001,""patches"":16,""q"":0,""r"":18000,""yokes"":0}",
100000000,32093053,0,0,sparse_blossom_correlated,sparse_blossom_correlated_d9_r10_p0.001000_dim0_cbs16_sbs100.000000_tbs100.000000,"{""b"":""magic"",""c"":""memory"",""d"":9,""gateset"":""cz"",""noise"":""si1000"",""p"":0.001,""patches"":16,""q"":0,""r"":9000,""yokes"":0}",
100000000,99153544,0,0,sparse_blossom_correlated,sparse_blossom_correlated_d7_r10_p0.001000_dim0_cbs16_sbs200.000000_tbs100.000000,"{""b"":""magic"",""c"":""memory"",""d"":7,""gateset"":""cz"",""noise"":""si1000"",""p"":0.001,""patches"":16,""q"":0,""r"":14000,""yokes"":0}",
100000000,5202507,0,0,sparse_blossom_correlated,sparse_blossom_correlated_d11_r10_p0.001000_dim0_cbs16_sbs100.000000_tbs100.000000,"{""b"":""magic"",""c"":""memory"",""d"":11,""gateset"":""cz"",""noise"":""si1000"",""p"":0.001,""patches"":16,""q"":0,""r"":11000,""yokes"":0}",
100000000,63481166,0,0,sparse_blossom_correlated,sparse_blossom_correlated_d8_r10_p0.001000_dim0_cbs16_sbs100.000000_tbs100.000000,"{""b"":""magic"",""c"":""memory"",""d"":8,""gateset"":""cz"",""noise"":""si1000"",""p"":0.001,""patches"":16,""q"":0,""r"":8000,""yokes"":0}",
100000000,2637087,0,0,sparse_blossom_correlated,sparse_blossom_correlated_d11_r10_p0.001000_dim0_cbs16_sbs50.000000_tbs100.000000,"{""b"":""magic"",""c"":""memory"",""d"":11,""gateset"":""cz"",""noise"":""si1000"",""p"":0.001,""patches"":16,""q"":0,""r"":5500,""yokes"":0}",
100000000,24883973,0,0,sparse_blossom_correlated,sparse_blossom_correlated_d10_r10_p0.001000_dim0_cbs16_sbs200.000000_tbs100.000000,"{""b"":""magic"",""c"":""memory"",""d"":10,""gateset"":""cz"",""noise"":""si1000"",""p"":0.001,""patches"":16,""q"":0,""r"":20000,""yokes"":0}",
100000000,13381464,0,0,sparse_blossom_correlated,sparse_blossom_correlated_d10_r10_p0.001000_dim0_cbs16_sbs100.000000_tbs100.000000,"{""b"":""magic"",""c"":""memory"",""d"":10,""gateset"":""cz"",""noise"":""si1000"",""p"":0.001,""patches"":16,""q"":0,""r"":10000,""yokes"":0}",
100000000,92088014,0,0,sparse_blossom_correlated,sparse_blossom_correlated_d7_r10_p0.001000_dim0_cbs16_sbs100.000000_tbs100.000000,"{""b"":""magic"",""c"":""memory"",""d"":7,""gateset"":""cz"",""noise"":""si1000"",""p"":0.001,""patches"":16,""q"":0,""r"":7000,""yokes"":0}",
100000000,86000996,0,0,sparse_blossom_correlated,sparse_blossom_correlated_d8_r10_p0.001000_dim0_cbs16_sbs200.000000_tbs100.000000,"{""b"":""magic"",""c"":""memory"",""d"":8,""gateset"":""cz"",""noise"":""si1000"",""p"":0.001,""patches"":16,""q"":0,""r"":16000,""yokes"":0}",
100000000,10117368,0,0,sparse_blossom_correlated,sparse_blossom_correlated_d11_r10_p0.001000_dim0_cbs16_sbs200.000000_tbs100.000000,"{""b"":""magic"",""c"":""memory"",""d"":11,""gateset"":""cz"",""noise"":""si1000"",""p"":0.001,""patches"":16,""q"":0,""r"":22000,""yokes"":0}",
100000000,6943899,0,0,sparse_blossom_correlated,sparse_blossom_correlated_d10_r10_p0.001000_dim0_cbs16_sbs50.000000_tbs100.000000,"{""b"":""magic"",""c"":""memory"",""d"":10,""gateset"":""cz"",""noise"":""si1000"",""p"":0.001,""patches"":16,""q"":0,""r"":5000,""yokes"":0}",
100000000,17680726,0,0,sparse_blossom_correlated,sparse_blossom_correlated_d9_r10_p0.001000_dim0_cbs16_sbs50.000000_tbs100.000000,"{""b"":""magic"",""c"":""memory"",""d"":9,""gateset"":""cz"",""noise"":""si1000"",""p"":0.001,""patches"":16,""q"":0,""r"":4500,""yokes"":0}",
100000000,73001622,0,0,sparse_blossom_correlated,sparse_blossom_correlated_d7_r10_p0.001000_dim0_cbs16_sbs50.000000_tbs100.000000,"{""b"":""magic"",""c"":""memory"",""d"":7,""gateset"":""cz"",""noise"":""si1000"",""p"":0.001,""patches"":16,""q"":0,""r"":3500,""yokes"":0}",
100000000,39964177,0,0,sparse_blossom_correlated,sparse_blossom_correlated_d8_r10_p0.001000_dim0_cbs16_sbs50.000000_tbs100.000000,"{""b"":""magic"",""c"":""memory"",""d"":8,""gateset"":""cz"",""noise"":""si1000"",""p"":0.001,""patches"":16,""q"":0,""r"":4000,""yokes"":0}",
100000000,0,0,0,sparse_blossom_correlated,sparse_blossom_correlated_d11_r10_p0.001000_dim2_cbs16_sbs50.000000_tbs100.000000,"{""b"":""magic"",""c"":""memory"",""d"":11,""gateset"":""cz"",""noise"":""si1000"",""p"":0.001,""patches"":16,""q"":0,""r"":5500,""yokes"":16}",
100000000,75,0,0,sparse_blossom_correlated,sparse_blossom_correlated_d9_r10_p0.001000_dim2_cbs16_sbs100.000000_tbs100.000000,"{""b"":""magic"",""c"":""memory"",""d"":9,""gateset"":""cz"",""noise"":""si1000"",""p"":0.001,""patches"":16,""q"":0,""r"":9000,""yokes"":16}",
100000000,202,0,0,sparse_blossom_correlated,sparse_blossom_correlated_d8_r10_p0.001000_dim2_cbs16_sbs50.000000_tbs100.000000,"{""b"":""magic"",""c"":""memory"",""d"":8,""gateset"":""cz"",""noise"":""si1000"",""p"":0.001,""patches"":16,""q"":0,""r"":4000,""yokes"":16}",
100000000,26,0,0,sparse_blossom_correlated,sparse_blossom_correlated_d10_r10_p0.001000_dim2_cbs16_sbs200.000000_tbs100.000000,"{""b"":""magic"",""c"":""memory"",""d"":10,""gateset"":""cz"",""noise"":""si1000"",""p"":0.001,""patches"":16,""q"":0,""r"":20000,""yokes"":16}",
100000000,10,0,0,sparse_blossom_correlated,sparse_blossom_correlated_d9_r10_p0.001000_dim2_cbs16_sbs50.000000_tbs100.000000,"{""b"":""magic"",""c"":""memory"",""d"":9,""gateset"":""cz"",""noise"":""si1000"",""p"":0.001,""patches"":16,""q"":0,""r"":4500,""yokes"":16}",
100000000,0,0,0,sparse_blossom_correlated,sparse_blossom_correlated_d11_r10_p0.001000_dim2_cbs16_sbs100.000000_tbs100.000000,"{""b"":""magic"",""c"":""memory"",""d"":11,""gateset"":""cz"",""noise"":""si1000"",""p"":0.001,""patches"":16,""q"":0,""r"":11000,""yokes"":16}",
100000000,4,0,0,sparse_blossom_correlated,sparse_blossom_correlated_d10_r10_p0.001000_dim2_cbs16_sbs100.000000_tbs100.000000,"{""b"":""magic"",""c"":""memory"",""d"":10,""gateset"":""cz"",""noise"":""si1000"",""p"":0.001,""patches"":16,""q"":0,""r"":10000,""yokes"":16}",
100000000,0,0,0,sparse_blossom_correlated,sparse_blossom_correlated_d10_r10_p0.001000_dim2_cbs16_sbs50.000000_tbs100.000000,"{""b"":""magic"",""c"":""memory"",""d"":10,""gateset"":""cz"",""noise"":""si1000"",""p"":0.001,""patches"":16,""q"":0,""r"":5000,""yokes"":16}",
100000000,1004,0,0,sparse_blossom_correlated,sparse_blossom_correlated_d9_r10_p0.001000_dim2_cbs16_sbs200.000000_tbs100.000000,"{""b"":""magic"",""c"":""memory"",""d"":9,""gateset"":""cz"",""noise"":""si1000"",""p"":0.001,""patches"":16,""q"":0,""r"":18000,""yokes"":16}",
100000000,31158,0,0,sparse_blossom_correlated,sparse_blossom_correlated_d8_r10_p0.001000_dim2_cbs16_sbs200.000000_tbs100.000000,"{""b"":""magic"",""c"":""memory"",""d"":8,""gateset"":""cz"",""noise"":""si1000"",""p"":0.001,""patches"":16,""q"":0,""r"":16000,""yokes"":16}",
100000000,2640,0,0,sparse_blossom_correlated,sparse_blossom_correlated_d8_r10_p0.001000_dim2_cbs16_sbs100.000000_tbs100.000000,"{""b"":""magic"",""c"":""memory"",""d"":8,""gateset"":""cz"",""noise"":""si1000"",""p"":0.001,""patches"":16,""q"":0,""r"":8000,""yokes"":16}",
100000000,1,0,0,sparse_blossom_correlated,sparse_blossom_correlated_d11_r10_p0.001000_dim2_cbs16_sbs200.000000_tbs100.000000,"{""b"":""magic"",""c"":""memory"",""d"":11,""gateset"":""cz"",""noise"":""si1000"",""p"":0.001,""patches"":16,""q"":0,""r"":22000,""yokes"":16}",
100000000,82392,0,0,sparse_blossom_correlated,sparse_blossom_correlated_d7_r10_p0.001000_dim2_cbs16_sbs100.000000_tbs100.000000,"{""b"":""magic"",""c"":""memory"",""d"":7,""gateset"":""cz"",""noise"":""si1000"",""p"":0.001,""patches"":16,""q"":0,""r"":7000,""yokes"":16}",
100000000,7318,0,0,sparse_blossom_correlated,sparse_blossom_correlated_d7_r10_p0.001000_dim2_cbs16_sbs50.000000_tbs100.000000,"{""b"":""magic"",""c"":""memory"",""d"":7,""gateset"":""cz"",""noise"":""si1000"",""p"":0.001,""patches"":16,""q"":0,""r"":3500,""yokes"":16}",
100000000,802738,0,0,sparse_blossom_correlated,sparse_blossom_correlated_d7_r10_p0.001000_dim2_cbs16_sbs200.000000_tbs100.000000,"{""b"":""magic"",""c"":""memory"",""d"":7,""gateset"":""cz"",""noise"":""si1000"",""p"":0.001,""patches"":16,""q"":0,""r"":14000,""yokes"":16}",
100000000,95334320,0,0,sparse_blossom_correlated,sparse_blossom_correlated_d9_r10_p0.001000_dim0_cbs64_sbs200.000000_tbs100.000000,"{""b"":""magic"",""c"":""memory"",""d"":9,""gateset"":""cz"",""noise"":""si1000"",""p"":0.001,""patches"":64,""q"":0,""r"":18000,""yokes"":0}",
100000000,100000000,0,0,sparse_blossom_correlated,sparse_blossom_correlated_d7_r10_p0.001000_dim0_cbs64_sbs200.000000_tbs100.000000,"{""b"":""magic"",""c"":""memory"",""d"":7,""gateset"":""cz"",""noise"":""si1000"",""p"":0.001,""patches"":64,""q"":0,""r"":14000,""yokes"":0}",
100000000,98221762,0,0,sparse_blossom_correlated,sparse_blossom_correlated_d8_r10_p0.001000_dim0_cbs64_sbs100.000000_tbs100.000000,"{""b"":""magic"",""c"":""memory"",""d"":8,""gateset"":""cz"",""noise"":""si1000"",""p"":0.001,""patches"":64,""q"":0,""r"":8000,""yokes"":0}",
100000000,78731601,0,0,sparse_blossom_correlated,sparse_blossom_correlated_d9_r10_p0.001000_dim0_cbs64_sbs100.000000_tbs100.000000,"{""b"":""magic"",""c"":""memory"",""d"":9,""gateset"":""cz"",""noise"":""si1000"",""p"":0.001,""patches"":64,""q"":0,""r"":9000,""yokes"":0}",
100000000,87005058,0,0,sparse_blossom_correlated,sparse_blossom_correlated_d8_r10_p0.001000_dim0_cbs64_sbs50.000000_tbs100.000000,"{""b"":""magic"",""c"":""memory"",""d"":8,""gateset"":""cz"",""noise"":""si1000"",""p"":0.001,""patches"":64,""q"":0,""r"":4000,""yokes"":0}",
100000000,25001038,0,0,sparse_blossom_correlated,sparse_blossom_correlated_d10_r10_p0.001000_dim0_cbs64_sbs50.000000_tbs100.000000,"{""b"":""magic"",""c"":""memory"",""d"":10,""gateset"":""cz"",""noise"":""si1000"",""p"":0.001,""patches"":64,""q"":0,""r"":5000,""yokes"":0}",
100000000,99468092,0,0,sparse_blossom_correlated,sparse_blossom_correlated_d7_r10_p0.001000_dim0_cbs64_sbs50.000000_tbs100.000000,"{""b"":""magic"",""c"":""memory"",""d"":7,""gateset"":""cz"",""noise"":""si1000"",""p"":0.001,""patches"":64,""q"":0,""r"":3500,""yokes"":0}",
100000000,19231914,0,0,sparse_blossom_correlated,sparse_blossom_correlated_d11_r10_p0.001000_dim0_cbs64_sbs100.000000_tbs100.000000,"{""b"":""magic"",""c"":""memory"",""d"":11,""gateset"":""cz"",""noise"":""si1000"",""p"":0.001,""patches"":64,""q"":0,""r"":11000,""yokes"":0}",
100000000,68152268,0,0,sparse_blossom_correlated,sparse_blossom_correlated_d10_r10_p0.001000_dim0_cbs64_sbs200.000000_tbs100.000000,"{""b"":""magic"",""c"":""memory"",""d"":10,""gateset"":""cz"",""noise"":""si1000"",""p"":0.001,""patches"":64,""q"":0,""r"":20000,""yokes"":0}",
100000000,54069319,0,0,sparse_blossom_correlated,sparse_blossom_correlated_d9_r10_p0.001000_dim0_cbs64_sbs50.000000_tbs100.000000,"{""b"":""magic"",""c"":""memory"",""d"":9,""gateset"":""cz"",""noise"":""si1000"",""p"":0.001,""patches"":64,""q"":0,""r"":4500,""yokes"":0}",
100000000,99996169,0,0,sparse_blossom_correlated,sparse_blossom_correlated_d7_r10_p0.001000_dim0_cbs64_sbs100.000000_tbs100.000000,"{""b"":""magic"",""c"":""memory"",""d"":7,""gateset"":""cz"",""noise"":""si1000"",""p"":0.001,""patches"":64,""q"":0,""r"":7000,""yokes"":0}",
100000000,34725039,0,0,sparse_blossom_correlated,sparse_blossom_correlated_d11_r10_p0.001000_dim0_cbs64_sbs200.000000_tbs100.000000,"{""b"":""magic"",""c"":""memory"",""d"":11,""gateset"":""cz"",""noise"":""si1000"",""p"":0.001,""patches"":64,""q"":0,""r"":22000,""yokes"":0}",
100000000,99961700,0,0,sparse_blossom_correlated,sparse_blossom_correlated_d8_r10_p0.001000_dim0_cbs64_sbs200.000000_tbs100.000000,"{""b"":""magic"",""c"":""memory"",""d"":8,""gateset"":""cz"",""noise"":""si1000"",""p"":0.001,""patches"":64,""q"":0,""r"":16000,""yokes"":0}",
100000000,43693971,0,0,sparse_blossom_correlated,sparse_blossom_correlated_d10_r10_p0.001000_dim0_cbs64_sbs100.000000_tbs100.000000,"{""b"":""magic"",""c"":""memory"",""d"":10,""gateset"":""cz"",""noise"":""si1000"",""p"":0.001,""patches"":64,""q"":0,""r"":10000,""yokes"":0}",
100000000,10137784,0,0,sparse_blossom_correlated,sparse_blossom_correlated_d11_r10_p0.001000_dim0_cbs64_sbs50.000000_tbs100.000000,"{""b"":""magic"",""c"":""memory"",""d"":11,""gateset"":""cz"",""noise"":""si1000"",""p"":0.001,""patches"":64,""q"":0,""r"":5500,""yokes"":0}",
100000000,811,0,0,sparse_blossom_correlated,sparse_blossom_correlated_d10_r10_p0.001000_dim2_cbs64_sbs200.000000_tbs100.000000,"{""b"":""magic"",""c"":""memory"",""d"":10,""gateset"":""cz"",""noise"":""si1000"",""p"":0.001,""patches"":64,""q"":0,""r"":20000,""yokes"":32}",
100000000,198,0,0,sparse_blossom_correlated,sparse_blossom_correlated_d9_r10_p0.001000_dim2_cbs64_sbs50.000000_tbs100.000000,"{""b"":""magic"",""c"":""memory"",""d"":9,""gateset"":""cz"",""noise"":""si1000"",""p"":0.001,""patches"":64,""q"":0,""r"":4500,""yokes"":32}",
100000000,10,0,0,sparse_blossom_correlated,sparse_blossom_correlated_d10_r10_p0.001000_dim2_cbs64_sbs50.000000_tbs100.000000,"{""b"":""magic"",""c"":""memory"",""d"":10,""gateset"":""cz"",""noise"":""si1000"",""p"":0.001,""patches"":64,""q"":0,""r"":5000,""yokes"":32}",
100000000,32,0,0,sparse_blossom_correlated,sparse_blossom_correlated_d11_r10_p0.001000_dim2_cbs64_sbs200.000000_tbs100.000000,"{""b"":""magic"",""c"":""memory"",""d"":11,""gateset"":""cz"",""noise"":""si1000"",""p"":0.001,""patches"":64,""q"":0,""r"":22000,""yokes"":32}",
100000000,0,0,0,sparse_blossom_correlated,sparse_blossom_correlated_d11_r10_p0.001000_dim2_cbs64_sbs50.000000_tbs100.000000,"{""b"":""magic"",""c"":""memory"",""d"":11,""gateset"":""cz"",""noise"":""si1000"",""p"":0.001,""patches"":64,""q"":0,""r"":5500,""yokes"":32}",
100000000,2363,0,0,sparse_blossom_correlated,sparse_blossom_correlated_d9_r10_p0.001000_dim2_cbs64_sbs100.000000_tbs100.000000,"{""b"":""magic"",""c"":""memory"",""d"":9,""gateset"":""cz"",""noise"":""si1000"",""p"":0.001,""patches"":64,""q"":0,""r"":9000,""yokes"":32}",
100000000,71,0,0,sparse_blossom_correlated,sparse_blossom_correlated_d10_r10_p0.001000_dim2_cbs64_sbs100.000000_tbs100.000000,"{""b"":""magic"",""c"":""memory"",""d"":10,""gateset"":""cz"",""noise"":""si1000"",""p"":0.001,""patches"":64,""q"":0,""r"":10000,""yokes"":32}",
100000000,5802,0,0,sparse_blossom_correlated,sparse_blossom_correlated_d8_r10_p0.001000_dim2_cbs64_sbs50.000000_tbs100.000000,"{""b"":""magic"",""c"":""memory"",""d"":8,""gateset"":""cz"",""noise"":""si1000"",""p"":0.001,""patches"":64,""q"":0,""r"":4000,""yokes"":32}",
100000000,28818,0,0,sparse_blossom_correlated,sparse_blossom_correlated_d9_r10_p0.001000_dim2_cbs64_sbs200.000000_tbs100.000000,"{""b"":""magic"",""c"":""memory"",""d"":9,""gateset"":""cz"",""noise"":""si1000"",""p"":0.001,""patches"":64,""q"":0,""r"":18000,""yokes"":32}",
100000000,5,0,0,sparse_blossom_correlated,sparse_blossom_correlated_d11_r10_p0.001000_dim2_cbs64_sbs100.000000_tbs100.000000,"{""b"":""magic"",""c"":""memory"",""d"":11,""gateset"":""cz"",""noise"":""si1000"",""p"":0.001,""patches"":64,""q"":0,""r"":11000,""yokes"":32}",
100000000,73210,0,0,sparse_blossom_correlated,sparse_blossom_correlated_d8_r10_p0.001000_dim2_cbs64_sbs100.000000_tbs100.000000,"{""b"":""magic"",""c"":""memory"",""d"":8,""gateset"":""cz"",""noise"":""si1000"",""p"":0.001,""patches"":64,""q"":0,""r"":8000,""yokes"":32}",
100000000,199084,0,0,sparse_blossom_correlated,sparse_blossom_correlated_d7_r10_p0.001000_dim2_cbs64_sbs50.000000_tbs100.000000,"{""b"":""magic"",""c"":""memory"",""d"":7,""gateset"":""cz"",""noise"":""si1000"",""p"":0.001,""patches"":64,""q"":0,""r"":3500,""yokes"":32}",
100000000,821613,0,0,sparse_blossom_correlated,sparse_blossom_correlated_d8_r10_p0.001000_dim2_cbs64_sbs200.000000_tbs100.000000,"{""b"":""magic"",""c"":""memory"",""d"":8,""gateset"":""cz"",""noise"":""si1000"",""p"":0.001,""patches"":64,""q"":0,""r"":16000,""yokes"":32}",
100000000,2156810,0,0,sparse_blossom_correlated,sparse_blossom_correlated_d7_r10_p0.001000_dim2_cbs64_sbs100.000000_tbs100.000000,"{""b"":""magic"",""c"":""memory"",""d"":7,""gateset"":""cz"",""noise"":""si1000"",""p"":0.001,""patches"":64,""q"":0,""r"":7000,""yokes"":32}",
100000000,18691593,0,0,sparse_blossom_correlated,sparse_blossom_correlated_d7_r10_p0.001000_dim2_cbs64_sbs200.000000_tbs100.000000,"{""b"":""magic"",""c"":""memory"",""d"":7,""gateset"":""cz"",""noise"":""si1000"",""p"":0.001,""patches"":64,""q"":0,""r"":14000,""yokes"":32}",
100000000,100000000,0,0,sparse_blossom_correlated,sparse_blossom_correlated_d7_r10_p0.001000_dim0_cbs256_sbs200.000000_tbs100.000000,"{""b"":""magic"",""c"":""memory"",""d"":7,""gateset"":""cz"",""noise"":""si1000"",""p"":0.001,""patches"":256,""q"":0,""r"":14000,""yokes"":0}",
100000000,99999576,0,0,sparse_blossom_correlated,sparse_blossom_correlated_d9_r10_p0.001000_dim0_cbs256_sbs200.000000_tbs100.000000,"{""b"":""magic"",""c"":""memory"",""d"":9,""gateset"":""cz"",""noise"":""si1000"",""p"":0.001,""patches"":256,""q"":0,""r"":18000,""yokes"":0}",
100000000,99999991,0,0,sparse_blossom_correlated,sparse_blossom_correlated_d8_r10_p0.001000_dim0_cbs256_sbs100.000000_tbs100.000000,"{""b"":""magic"",""c"":""memory"",""d"":8,""gateset"":""cz"",""noise"":""si1000"",""p"":0.001,""patches"":256,""q"":0,""r"":8000,""yokes"":0}",
100000000,98972958,0,0,sparse_blossom_correlated,sparse_blossom_correlated_d10_r10_p0.001000_dim0_cbs256_sbs200.000000_tbs100.000000,"{""b"":""magic"",""c"":""memory"",""d"":10,""gateset"":""cz"",""noise"":""si1000"",""p"":0.001,""patches"":256,""q"":0,""r"":20000,""yokes"":0}",
100000000,99795954,0,0,sparse_blossom_correlated,sparse_blossom_correlated_d9_r10_p0.001000_dim0_cbs256_sbs100.000000_tbs100.000000,"{""b"":""magic"",""c"":""memory"",""d"":9,""gateset"":""cz"",""noise"":""si1000"",""p"":0.001,""patches"":256,""q"":0,""r"":9000,""yokes"":0}",
100000000,68363307,0,0,sparse_blossom_correlated,sparse_blossom_correlated_d10_r10_p0.001000_dim0_cbs256_sbs50.000000_tbs100.000000,"{""b"":""magic"",""c"":""memory"",""d"":10,""gateset"":""cz"",""noise"":""si1000"",""p"":0.001,""patches"":256,""q"":0,""r"":5000,""yokes"":0}",
100000000,81837937,0,0,sparse_blossom_correlated,sparse_blossom_correlated_d11_r10_p0.001000_dim0_cbs256_sbs200.000000_tbs100.000000,"{""b"":""magic"",""c"":""memory"",""d"":11,""gateset"":""cz"",""noise"":""si1000"",""p"":0.001,""patches"":256,""q"":0,""r"":22000,""yokes"":0}",
100000000,34788504,0,0,sparse_blossom_correlated,sparse_blossom_correlated_d11_r10_p0.001000_dim0_cbs256_sbs50.000000_tbs100.000000,"{""b"":""magic"",""c"":""memory"",""d"":11,""gateset"":""cz"",""noise"":""si1000"",""p"":0.001,""patches"":256,""q"":0,""r"":5500,""yokes"":0}",
100000000,99971669,0,0,sparse_blossom_correlated,sparse_blossom_correlated_d8_r10_p0.001000_dim0_cbs256_sbs50.000000_tbs100.000000,"{""b"":""magic"",""c"":""memory"",""d"":8,""gateset"":""cz"",""noise"":""si1000"",""p"":0.001,""patches"":256,""q"":0,""r"":4000,""yokes"":0}",
100000000,100000000,0,0,sparse_blossom_correlated,sparse_blossom_correlated_d8_r10_p0.001000_dim0_cbs256_sbs200.000000_tbs100.000000,"{""b"":""magic"",""c"":""memory"",""d"":8,""gateset"":""cz"",""noise"":""si1000"",""p"":0.001,""patches"":256,""q"":0,""r"":16000,""yokes"":0}",
100000000,100000000,0,0,sparse_blossom_correlated,sparse_blossom_correlated_d7_r10_p0.001000_dim0_cbs256_sbs50.000000_tbs100.000000,"{""b"":""magic"",""c"":""memory"",""d"":7,""gateset"":""cz"",""noise"":""si1000"",""p"":0.001,""patches"":256,""q"":0,""r"":3500,""yokes"":0}",
100000000,57442999,0,0,sparse_blossom_correlated,sparse_blossom_correlated_d11_r10_p0.001000_dim0_cbs256_sbs100.000000_tbs100.000000,"{""b"":""magic"",""c"":""memory"",""d"":11,""gateset"":""cz"",""noise"":""si1000"",""p"":0.001,""patches"":256,""q"":0,""r"":11000,""yokes"":0}",
100000000,95546874,0,0,sparse_blossom_correlated,sparse_blossom_correlated_d9_r10_p0.001000_dim0_cbs256_sbs50.000000_tbs100.000000,"{""b"":""magic"",""c"":""memory"",""d"":9,""gateset"":""cz"",""noise"":""si1000"",""p"":0.001,""patches"":256,""q"":0,""r"":4500,""yokes"":0}",
100000000,89944731,0,0,sparse_blossom_correlated,sparse_blossom_correlated_d10_r10_p0.001000_dim0_cbs256_sbs100.000000_tbs100.000000,"{""b"":""magic"",""c"":""memory"",""d"":10,""gateset"":""cz"",""noise"":""si1000"",""p"":0.001,""patches"":256,""q"":0,""r"":10000,""yokes"":0}",
100000000,100000000,0,0,sparse_blossom_correlated,sparse_blossom_correlated_d7_r10_p0.001000_dim0_cbs256_sbs100.000000_tbs100.000000,"{""b"":""magic"",""c"":""memory"",""d"":7,""gateset"":""cz"",""noise"":""si1000"",""p"":0.001,""patches"":256,""q"":0,""r"":7000,""yokes"":0}",
100000000,1,0,0,sparse_blossom_correlated,sparse_blossom_correlated_d11_r10_p0.001000_dim2_cbs256_sbs50.000000_tbs100.000000,"{""b"":""magic"",""c"":""memory"",""d"":11,""gateset"":""cz"",""noise"":""si1000"",""p"":0.001,""patches"":256,""q"":0,""r"":5500,""yokes"":64}",
100000000,80,0,0,sparse_blossom_correlated,sparse_blossom_correlated_d10_r10_p0.001000_dim2_cbs256_sbs50.000000_tbs100.000000,"{""b"":""magic"",""c"":""memory"",""d"":10,""gateset"":""cz"",""noise"":""si1000"",""p"":0.001,""patches"":256,""q"":0,""r"":5000,""yokes"":64}",
100000000,400,0,0,sparse_blossom_correlated,sparse_blossom_correlated_d11_r10_p0.001000_dim2_cbs256_sbs200.000000_tbs100.000000,"{""b"":""magic"",""c"":""memory"",""d"":11,""gateset"":""cz"",""noise"":""si1000"",""p"":0.001,""patches"":256,""q"":0,""r"":22000,""yokes"":64}",
100000000,34,0,0,sparse_blossom_correlated,sparse_blossom_correlated_d11_r10_p0.001000_dim2_cbs256_sbs100.000000_tbs100.000000,"{""b"":""magic"",""c"":""memory"",""d"":11,""gateset"":""cz"",""noise"":""si1000"",""p"":0.001,""patches"":256,""q"":0,""r"":11000,""yokes"":64}",
100000000,14638,0,0,sparse_blossom_correlated,sparse_blossom_correlated_d10_r10_p0.001000_dim2_cbs256_sbs200.000000_tbs100.000000,"{""b"":""magic"",""c"":""memory"",""d"":10,""gateset"":""cz"",""noise"":""si1000"",""p"":0.001,""patches"":256,""q"":0,""r"":20000,""yokes"":64}",
100000000,42519,0,0,sparse_blossom_correlated,sparse_blossom_correlated_d9_r10_p0.001000_dim2_cbs256_sbs100.000000_tbs100.000000,"{""b"":""magic"",""c"":""memory"",""d"":9,""gateset"":""cz"",""noise"":""si1000"",""p"":0.001,""patches"":256,""q"":0,""r"":9000,""yokes"":64}",
100000000,3165,0,0,sparse_blossom_correlated,sparse_blossom_correlated_d9_r10_p0.001000_dim2_cbs256_sbs50.000000_tbs100.000000,"{""b"":""magic"",""c"":""memory"",""d"":9,""gateset"":""cz"",""noise"":""si1000"",""p"":0.001,""patches"":256,""q"":0,""r"":4500,""yokes"":64}",
100000000,1101,0,0,sparse_blossom_correlated,sparse_blossom_correlated_d10_r10_p0.001000_dim2_cbs256_sbs100.000000_tbs100.000000,"{""b"":""magic"",""c"":""memory"",""d"":10,""gateset"":""cz"",""noise"":""si1000"",""p"":0.001,""patches"":256,""q"":0,""r"":10000,""yokes"":64}",
100000000,108246,0,0,sparse_blossom_correlated,sparse_blossom_correlated_d8_r10_p0.001000_dim2_cbs256_sbs50.000000_tbs100.000000,"{""b"":""magic"",""c"":""memory"",""d"":8,""gateset"":""cz"",""noise"":""si1000"",""p"":0.001,""patches"":256,""q"":0,""r"":4000,""yokes"":64}",
100000000,526890,0,0,sparse_blossom_correlated,sparse_blossom_correlated_d9_r10_p0.001000_dim2_cbs256_sbs200.000000_tbs100.000000,"{""b"":""magic"",""c"":""memory"",""d"":9,""gateset"":""cz"",""noise"":""si1000"",""p"":0.001,""patches"":256,""q"":0,""r"":18000,""yokes"":64}",
100000000,1326767,0,0,sparse_blossom_correlated,sparse_blossom_correlated_d8_r10_p0.001000_dim2_cbs256_sbs100.000000_tbs100.000000,"{""b"":""magic"",""c"":""memory"",""d"":8,""gateset"":""cz"",""noise"":""si1000"",""p"":0.001,""patches"":256,""q"":0,""r"":8000,""yokes"":64}",
100000000,3582621,0,0,sparse_blossom_correlated,sparse_blossom_correlated_d7_r10_p0.001000_dim2_cbs256_sbs50.000000_tbs100.000000,"{""b"":""magic"",""c"":""memory"",""d"":7,""gateset"":""cz"",""noise"":""si1000"",""p"":0.001,""patches"":256,""q"":0,""r"":3500,""yokes"":64}",
100000000,13970025,0,0,sparse_blossom_correlated,sparse_blossom_correlated_d8_r10_p0.001000_dim2_cbs256_sbs200.000000_tbs100.000000,"{""b"":""magic"",""c"":""memory"",""d"":8,""gateset"":""cz"",""noise"":""si1000"",""p"":0.001,""patches"":256,""q"":0,""r"":16000,""yokes"":64}",
100000000,32841997,0,0,sparse_blossom_correlated,sparse_blossom_correlated_d7_r10_p0.001000_dim2_cbs256_sbs100.000000_tbs100.000000,"{""b"":""magic"",""c"":""memory"",""d"":7,""gateset"":""cz"",""noise"":""si1000"",""p"":0.001,""patches"":256,""q"":0,""r"":7000,""yokes"":64}",
100000000,97153731,0,0,sparse_blossom_correlated,sparse_blossom_correlated_d7_r10_p0.001000_dim2_cbs256_sbs200.000000_tbs100.000000,"{""b"":""magic"",""c"":""memory"",""d"":7,""gateset"":""cz"",""noise"":""si1000"",""p"":0.001,""patches"":256,""q"":0,""r"":14000,""yokes"":64}",
